{"cameraMode":{"drawMode":0,"name":"Shaded","section":"Shading Mode"},"sceneLighting":true,"audioPlay":false,"sceneViewState":{"showFog":true,"showMaterialUpdate":false,"showSkybox":true,"showFlares":true,"showImageEffects":true,"showParticleSystems":true},"in2DMode":false,"pivot":{"x":2.2053427696228029,"y":2.085454225540161,"z":3.5113067626953127},"rotation":{"x":-0.11087659746408463,"y":0.060185227543115619,"z":-0.006726839113980532,"w":-0.9919873476028442},"size":10.627391815185547,"orthographic":false}