{"cameraMode":{"drawMode":0,"name":"Shaded","section":"Shading Mode"},"sceneLighting":true,"audioPlay":false,"sceneViewState":{"showFog":true,"showMaterialUpdate":false,"showSkybox":true,"showFlares":true,"showImageEffects":true,"showParticleSystems":true},"in2DMode":false,"pivot":{"x":16.18034553527832,"y":-5.067740440368652,"z":16.005624771118165},"rotation":{"x":-0.20388463139533997,"y":-0.340548038482666,"z":0.07590657472610474,"w":-0.914711058139801},"size":22.111474990844728,"orthographic":false}