{"cameraMode":{"drawMode":0,"name":"Shaded","section":"Shading Mode"},"sceneLighting":true,"audioPlay":false,"sceneViewState":{"showFog":true,"showMaterialUpdate":false,"showSkybox":true,"showFlares":true,"showImageEffects":true,"showParticleSystems":true},"in2DMode":false,"pivot":{"x":11.339845657348633,"y":-9.757563591003418,"z":16.71060562133789},"rotation":{"x":-0.22958046197891236,"y":-0.20917430520057679,"z":0.0505925714969635,"w":-0.949199378490448},"size":22.596973419189454,"orthographic":false}