{"cameraMode":{"drawMode":0,"name":"Shaded","section":"Shading Mode"},"sceneLighting":true,"audioPlay":false,"sceneViewState":{"showFog":false,"showMaterialUpdate":false,"showSkybox":false,"showFlares":false,"showImageEffects":false,"showParticleSystems":false},"in2DMode":false,"pivot":{"x":27.574079513549806,"y":684.3876342773438,"z":80.22909545898438},"rotation":{"x":-0.06867632269859314,"y":-0.1579502522945404,"z":0.011012712493538857,"w":-0.9849944710731506},"size":1254.0899658203125,"orthographic":false}